Decade,UN_Geosheme_Subregion,RCP,Disaster_Type,Financial_Impact,Rain,Human_Impact,DO
2020,Australia and New Zealand,2.6,Flood,697426300.0131028,6.6729175000000005,565633.6577559633,4
2020,Australia and New Zealand,4.5,Flood,697426300.0131028,2.440525,565633.6577559633,4
2020,Australia and New Zealand,6.0,Flood,348713150.0065514,7.790505,282816.82887798164,2
2020,Australia and New Zealand,8.5,Flood,348713150.0065514,2.595395,282816.82887798164,2
2020,Caribbean,2.6,Flood,1917922325.0360322,-6.9089681818181825,1555492.5588288994,11
2020,Caribbean,4.5,Flood,1569209175.029481,-4.411347777777779,1272675.7299509177,9
2020,Caribbean,6.0,Flood,1743565750.0327566,-8.511484999999999,1414084.1443899085,10
2020,Caribbean,8.5,Flood,1743565750.0327566,-3.204981,1414084.1443899085,10
2020,Central America,2.6,Flood,1569209175.029481,-0.42429000000000006,1272675.7299509177,9
2020,Central America,4.5,Flood,2092278900.0393078,-5.75114,1696900.9732678903,12
2020,Central America,6.0,Flood,1917922325.0360322,-1.7389645454545453,1555492.5588288994,11
2020,Central America,8.5,Flood,1569209175.029481,1.6856933333333333,1272675.7299509177,9
2020,Central Asia,2.6,Flood,1394852600.0262053,2.2306487499999994,1131267.3155119268,8
2020,Central Asia,4.5,Flood,1220496025.0229297,7.05627,989858.9010729359,7
2020,Central Asia,6.0,Flood,1569209175.029481,2.407782222222222,1272675.7299509177,9
2020,Central Asia,8.5,Flood,871782875.0163784,3.1337200000000007,707042.0721949541,5
2020,Eastern Africa,2.6,Flood,2789705200.052411,16.48144125,2262534.6310238536,16
2020,Eastern Africa,4.5,Flood,3661488075.0687904,17.357111904761904,2969576.703218808,21
2020,Eastern Africa,6.0,Flood,2964061775.055687,19.969387647058824,2403943.0454628444,17
2020,Eastern Africa,8.5,Flood,3312774925.0622387,20.93474526315789,2686759.874340826,19
2020,Eastern Asia,2.6,Flood,24712906408.024464,-5.046342857142858,20042908.684529163,7
2020,Eastern Asia,4.5,Flood,30101409634.051968,-0.8645512499999999,24413146.499636628,8
2020,Eastern Asia,6.0,Flood,42646803688.98294,2.0995788888888893,34587837.54175421,9
2020,Eastern Asia,8.5,Flood,24887262983.02774,1.5569875,20184317.098968152,8
2020,Eastern Europe,2.6,Flood,2440992050.0458593,1.44627,1979717.802145872,14
2020,Eastern Europe,4.5,Flood,2440992050.0458593,1.59409,1979717.802145872,14
2020,Eastern Europe,6.0,Flood,2440992050.0458593,0.6033192857142858,1979717.802145872,14
2020,Eastern Europe,8.5,Flood,2964061775.055687,0.3593223529411765,2403943.0454628444,17
2020,Melanesia,2.6,Flood,1046139450.019654,40.87943333333333,848450.486633945,6
2020,Melanesia,4.5,Flood,1046139450.019654,32.892566666666674,848450.486633945,6
2020,Melanesia,6.0,Flood,1046139450.019654,26.30235,848450.486633945,6
2020,Melanesia,8.5,Flood,1220496025.0229297,21.19134285714286,989858.9010729359,7
2020,Micronesia,2.6,Flood,819427938.716496,0.755494,664580.6477830462,5
2020,Micronesia,4.5,Flood,819427938.716496,11.498772,664580.6477830462,5
2020,Micronesia,6.0,Flood,819427938.716496,3.609566000000001,664580.6477830462,5
2020,Micronesia,8.5,Flood,671248831.8631616,7.083927499999999,544402.9455500094,4
2020,Middle Africa,2.6,Flood,1569209175.029481,5.76977,1272675.7299509177,9
2020,Middle Africa,4.5,Flood,1917922325.0360322,4.496656363636363,1555492.5588288994,11
2020,Middle Africa,6.0,Flood,1743565750.0327566,-1.7150499999999993,1414084.1443899085,10
2020,Middle Africa,8.5,Flood,1394852600.0262053,-0.8449337500000001,1131267.3155119268,8
2020,Northern Africa,2.6,Flood,1569209175.029481,-0.20308666666666667,1272675.7299509177,9
2020,Northern Africa,4.5,Flood,1917922325.0360322,-0.46275272727272726,1555492.5588288994,11
2020,Northern Africa,6.0,Flood,1394852600.0262053,0.18964375,1131267.3155119268,8
2020,Northern Africa,8.5,Flood,1743565750.0327566,-1.5526790000000001,1414084.1443899085,10
2020,Northern America,2.6,Flood,523069725.0098271,3.6001366666666663,424225.24331697245,3
2020,Northern America,4.5,Flood,523069725.0098271,4.679283333333333,424225.24331697245,3
2020,Northern America,6.0,Flood,523069725.0098271,5.241616666666666,424225.24331697245,3
2020,Northern America,8.5,Flood,523069725.0098271,6.135409999999999,424225.24331697245,3
2020,Northern Europe,2.6,Flood,1917922325.0360322,2.145825454545454,1555492.5588288994,11
2020,Northern Europe,4.5,Flood,1743565750.0327566,2.639458,1414084.1443899085,10
2020,Northern Europe,6.0,Flood,1569209175.029481,1.2005855555555556,1272675.7299509177,9
2020,Northern Europe,8.5,Flood,1743565750.0327566,3.2638130000000003,1414084.1443899085,10
2020,South America,2.6,Flood,2789705200.052411,17.069274999999998,2262534.6310238536,16
2020,South America,4.5,Flood,2615348625.049135,15.491772000000001,2121126.2165848627,15
2020,South America,6.0,Flood,2789705200.052411,14.445423125,2262534.6310238536,16
2020,South America,8.5,Flood,3312774925.0622387,21.075503684210528,2686759.874340826,19
2020,South-Eastern Asia,2.6,Flood,2349028709.3438125,13.642316666666666,1905132.7731904404,12
2020,South-Eastern Asia,4.5,Flood,2257065368.6417656,27.647019,1830547.7442350087,10
2020,South-Eastern Asia,6.0,Flood,2605778518.648317,34.34001666666666,2113364.5731129902,12
2020,South-Eastern Asia,8.5,Flood,2000315559.337261,23.760757,1622315.9443124586,10
2020,Southern Africa,2.6,Flood,1394852600.0262053,13.34625125,1131267.3155119268,8
2020,Southern Africa,4.5,Flood,1220496025.0229297,8.325937142857143,989858.9010729359,7
2020,Southern Africa,6.0,Flood,1220496025.0229297,7.437285714285715,989858.9010729359,7
2020,Southern Africa,8.5,Flood,1569209175.029481,7.0921988888888885,1272675.7299509177,9
2020,Southern Asia,2.6,Flood,26988168693.888123,19.400836363636362,21888214.674686227,11
2020,Southern Asia,4.5,Flood,47414966224.55879,21.172323999999996,38454960.44165352,10
2020,Southern Asia,6.0,Flood,28207551564.454674,16.877175,22877170.77409138,10
2020,Southern Asia,8.5,Flood,51051294868.64491,26.799596428571427,41404132.0913584,14
2020,Southern Europe,2.6,Flood,2440992050.0458593,3.522401428571428,1979717.802145872,14
2020,Southern Europe,4.5,Flood,3138418350.058963,1.373604444444445,2545351.4599018353,18
2020,Southern Europe,6.0,Flood,2615348625.049135,8.30982,2121126.2165848627,15
2020,Southern Europe,8.5,Flood,2964061775.055687,7.083164117647058,2403943.0454628444,17
2020,Western Africa,2.6,Flood,3138418350.058963,-2.9959066666666683,2545351.4599018353,18
2020,Western Africa,4.5,Flood,3661488075.0687904,0.9114719047619046,2969576.703218808,21
2020,Western Africa,6.0,Flood,2615348625.049135,0.33655599999999997,2121126.2165848627,15
2020,Western Africa,8.5,Flood,4010201225.075342,3.1139060869565216,3252393.5320967897,23
2020,Western Asia,2.6,Flood,3661488075.0687904,3.9981814285714288,2969576.703218808,21
2020,Western Asia,4.5,Flood,3138418350.058963,5.553971111111109,2545351.4599018353,18
2020,Western Asia,6.0,Flood,3835844650.0720663,2.216389090909091,3110985.117657799,22
2020,Western Asia,8.5,Flood,3312774925.0622387,3.17884894736842,2686759.874340826,19
2020,Western Europe,2.6,Flood,1917922325.0360322,2.1748863636363636,1555492.5588288994,11
2020,Western Europe,4.5,Flood,1917922325.0360322,5.82149,1555492.5588288994,11
2020,Western Europe,6.0,Flood,1743565750.0327566,-0.41818,1414084.1443899085,10
2020,Western Europe,8.5,Flood,1917922325.0360322,5.424199090909091,1555492.5588288994,11
2030,Australia and New Zealand,2.6,Flood,348713150.0065514,5.92228,282816.82887798164,2
2030,Australia and New Zealand,4.5,Flood,348713150.0065514,1.6516650000000002,282816.82887798164,2
2030,Australia and New Zealand,6.0,Flood,697426300.0131028,9.0536025,565633.6577559633,4
2030,Australia and New Zealand,8.5,Flood,697426300.0131028,3.19778,565633.6577559633,4
2030,Caribbean,2.6,Flood,1743565750.0327566,-7.848372,1414084.1443899085,10
2030,Caribbean,4.5,Flood,2092278900.0393078,-4.886758333333334,1696900.9732678903,12
2030,Caribbean,6.0,Flood,1917922325.0360322,-4.622094545454545,1555492.5588288994,11
2030,Caribbean,8.5,Flood,1917922325.0360322,-2.6991363636363634,1555492.5588288994,11
2030,Central America,2.6,Flood,2615348625.049135,0.44320799999999977,2121126.2165848627,15
2030,Central America,4.5,Flood,2092278900.0393078,-5.466366666666667,1696900.9732678903,12
2030,Central America,6.0,Flood,2266635475.0425835,-3.724313846153846,1838309.3877068812,13
2030,Central America,8.5,Flood,2615348625.049135,2.7232106666666667,2121126.2165848627,15
2030,Central Asia,2.6,Flood,1220496025.0229297,1.4228371428571427,989858.9010729359,7
2030,Central Asia,4.5,Flood,1394852600.0262053,9.057293750000001,1131267.3155119268,8
2030,Central Asia,6.0,Flood,1046139450.019654,2.219985,848450.486633945,6
2030,Central Asia,8.5,Flood,1743565750.0327566,3.628002,1414084.1443899085,10
2030,Eastern Africa,2.6,Flood,3487131500.0655146,27.323040999999996,2828168.288779817,20
2030,Eastern Africa,4.5,Flood,2615348625.049135,16.71844533333333,2121126.2165848627,15
2030,Eastern Africa,6.0,Flood,3312774925.0622387,16.860927368421052,2686759.874340826,19
2030,Eastern Africa,8.5,Flood,2964061775.055687,25.949779999999993,2403943.0454628444,17
2030,Eastern Asia,2.6,Flood,39518833987.95486,-2.29571375,32050960.249760635,8
2030,Eastern Asia,4.5,Flood,34130330761.92736,1.4288371428571431,27680722.43465317,7
2030,Eastern Asia,6.0,Flood,21584936706.996387,4.7902,17506031.39253559,6
2030,Eastern Asia,8.5,Flood,39344477412.951584,2.8311514285714283,31909551.835321646,7
2030,Eastern Europe,2.6,Flood,2440992050.0458593,1.3146792857142857,1979717.802145872,14
2030,Eastern Europe,4.5,Flood,2440992050.0458593,0.8591121428571429,1979717.802145872,14
2030,Eastern Europe,6.0,Flood,2440992050.0458593,1.862550714285714,1979717.802145872,14
2030,Eastern Europe,8.5,Flood,1917922325.0360322,0.5567636363636365,1555492.5588288994,11
2030,Melanesia,2.6,Flood,1046139450.019654,37.9401,848450.486633945,6
2030,Melanesia,4.5,Flood,1046139450.019654,22.24511666666667,848450.486633945,6
2030,Melanesia,6.0,Flood,1046139450.019654,24.570383333333336,848450.486633945,6
2030,Melanesia,8.5,Flood,871782875.0163784,17.3922,707042.0721949541,5
2030,Micronesia,2.6,Flood,671248831.8631616,-0.3105675000000001,544402.9455500094,4
2030,Micronesia,4.5,Flood,671248831.8631616,10.581140000000001,544402.9455500094,4
2030,Micronesia,6.0,Flood,671248831.8631616,13.209725,544402.9455500094,4
2030,Micronesia,8.5,Flood,819427938.716496,7.95284,664580.6477830462,5
2030,Middle Africa,2.6,Flood,1743565750.0327566,3.163911,1414084.1443899085,10
2030,Middle Africa,4.5,Flood,1394852600.0262053,7.1976475,1131267.3155119268,8
2030,Middle Africa,6.0,Flood,1569209175.029481,-5.648744444444444,1272675.7299509177,9
2030,Middle Africa,8.5,Flood,1917922325.0360322,-4.374697272727273,1555492.5588288994,11
2030,Northern Africa,2.6,Flood,1569209175.029481,-0.8769833333333334,1272675.7299509177,9
2030,Northern Africa,4.5,Flood,1220496025.0229297,-0.4849442857142857,989858.9010729359,7
2030,Northern Africa,6.0,Flood,1743565750.0327566,-1.9399490000000004,1414084.1443899085,10
2030,Northern Africa,8.5,Flood,1394852600.0262053,-1.529945,1131267.3155119268,8
2030,Northern America,2.6,Flood,523069725.0098271,3.07858,424225.24331697245,3
2030,Northern America,4.5,Flood,523069725.0098271,5.0168800000000005,424225.24331697245,3
2030,Northern America,6.0,Flood,523069725.0098271,4.631363333333334,424225.24331697245,3
2030,Northern America,8.5,Flood,523069725.0098271,6.8875166666666665,424225.24331697245,3
2030,Northern Europe,2.6,Flood,1743565750.0327566,3.0785119999999995,1414084.1443899085,10
2030,Northern Europe,4.5,Flood,1917922325.0360322,1.8967609090909092,1555492.5588288994,11
2030,Northern Europe,6.0,Flood,2092278900.0393078,0.5980491666666666,1696900.9732678903,12
2030,Northern Europe,8.5,Flood,1917922325.0360322,3.1258681818181815,1555492.5588288994,11
2030,South America,2.6,Flood,3487131500.0655146,13.3110155,2828168.288779817,20
2030,South America,4.5,Flood,3661488075.0687904,24.54250095238096,2969576.703218808,21
2030,South America,6.0,Flood,3487131500.0655146,12.2156145,2828168.288779817,20
2030,South America,8.5,Flood,2964061775.055687,16.073320588235298,2403943.0454628444,17
2030,South-Eastern Asia,2.6,Flood,2082708793.6384897,9.390633333333334,1689139.3297960178,9
2030,South-Eastern Asia,4.5,Flood,2174672134.3405366,32.125600909090906,1763724.3587514495,11
2030,South-Eastern Asia,6.0,Flood,1825958984.3339853,25.86573333333333,1480907.5298734677,9
2030,South-Eastern Asia,8.5,Flood,2431421943.645041,24.536613636363633,1971956.1586739996,11
2030,Southern Africa,2.6,Flood,1220496025.0229297,13.563384285714287,989858.9010729359,7
2030,Southern Africa,4.5,Flood,1394852600.0262053,6.020988749999999,1131267.3155119268,8
2030,Southern Africa,6.0,Flood,1394852600.0262053,1.9660875,1131267.3155119268,8
2030,Southern Africa,8.5,Flood,1046139450.019654,8.166003333333334,848450.486633945,6
2030,Southern Asia,2.6,Flood,50100613599.54053,25.374656923076923,40633101.05396636,13
2030,Southern Asia,4.5,Flood,29673816068.869858,42.867830714285724,24066355.286999073,14
2030,Southern Asia,6.0,Flood,48881230728.97397,27.644025000000003,39644144.9545612,14
2030,Southern Asia,8.5,Flood,26037487424.783737,20.375875,21117183.63729419,10
2030,Southern Europe,2.6,Flood,3312774925.0622387,3.0364810526315793,2686759.874340826,19
2030,Southern Europe,4.5,Flood,2615348625.049135,0.5050539999999999,2121126.2165848627,15
2030,Southern Europe,6.0,Flood,3138418350.058963,8.503304444444446,2545351.4599018353,18
2030,Southern Europe,8.5,Flood,2789705200.052411,4.081824375,2262534.6310238536,16
2030,Western Africa,2.6,Flood,3661488075.0687904,-1.933386666666667,2969576.703218808,21
2030,Western Africa,4.5,Flood,3138418350.058963,0.7647022222222215,2545351.4599018353,18
2030,Western Africa,6.0,Flood,4184557800.078618,0.2065179166666666,3393801.9465357806,24
2030,Western Africa,8.5,Flood,2789705200.052411,1.8209281250000002,2262534.6310238536,16
2030,Western Asia,2.6,Flood,3138418350.058963,-0.1411050000000001,2545351.4599018353,18
2030,Western Asia,4.5,Flood,3661488075.0687904,3.234226666666667,2969576.703218808,21
2030,Western Asia,6.0,Flood,2964061775.055687,1.380004705882353,2403943.0454628444,17
2030,Western Asia,8.5,Flood,3487131500.0655146,4.975862999999999,2828168.288779817,20
2030,Western Europe,2.6,Flood,1743565750.0327566,0.42083000000000004,1414084.1443899085,10
2030,Western Europe,4.5,Flood,1743565750.0327566,6.688086,1414084.1443899085,10
2030,Western Europe,6.0,Flood,1917922325.0360322,1.2189563636363636,1555492.5588288994,11
2030,Western Europe,8.5,Flood,1743565750.0327566,4.808715,1414084.1443899085,10
2040,Australia and New Zealand,2.6,Flood,348713150.0065514,1.350445,282816.82887798164,2
2040,Australia and New Zealand,4.5,Flood,697426300.0131028,8.486625,565633.6577559633,4
2040,Australia and New Zealand,6.0,Flood,523069725.0098271,7.924883333333334,424225.24331697245,3
2040,Australia and New Zealand,8.5,Flood,523069725.0098271,2.8660099999999997,424225.24331697245,3
2040,Caribbean,2.6,Flood,1569209175.029481,-8.931355555555555,1272675.7299509177,9
2040,Caribbean,4.5,Flood,1917922325.0360322,-8.052660000000001,1555492.5588288994,11
2040,Caribbean,6.0,Flood,2266635475.0425835,-9.866404615384615,1838309.3877068812,13
2040,Caribbean,8.5,Flood,1917922325.0360322,-4.091610909090909,1555492.5588288994,11
2040,Central America,2.6,Flood,2092278900.0393078,-4.2613924999999995,1696900.9732678903,12
2040,Central America,4.5,Flood,2266635475.0425835,-2.5813992307692297,1838309.3877068812,13
2040,Central America,6.0,Flood,2266635475.0425835,-5.890810769230769,1838309.3877068812,13
2040,Central America,8.5,Flood,2266635475.0425835,-5.651417692307691,1838309.3877068812,13
2040,Central Asia,2.6,Flood,1569209175.029481,7.0548366666666675,1272675.7299509177,9
2040,Central Asia,4.5,Flood,1220496025.0229297,2.963118571428572,989858.9010729359,7
2040,Central Asia,6.0,Flood,1046139450.019654,2.6132733333333333,848450.486633945,6
2040,Central Asia,8.5,Flood,1220496025.0229297,3.0167414285714287,989858.9010729359,7
2040,Eastern Africa,2.6,Flood,2964061775.055687,21.492035294117645,2403943.0454628444,17
2040,Eastern Africa,4.5,Flood,2789705200.052411,35.931662499999995,2262534.6310238536,16
2040,Eastern Africa,6.0,Flood,2615348625.049135,25.448919333333333,2121126.2165848627,15
2040,Eastern Africa,8.5,Flood,3661488075.0687904,42.51771428571429,2969576.703218808,21
2040,Eastern Asia,2.6,Flood,26973439933.02389,2.386942857142857,21876269.207643054,7
2040,Eastern Asia,4.5,Flood,42472447113.97966,2.349,34446429.12731522,8
2040,Eastern Asia,6.0,Flood,30101409634.051968,-1.02107875,24413146.499636628,8
2040,Eastern Asia,8.5,Flood,39518833987.954865,8.90134125,32050960.249760635,8
2040,Eastern Europe,2.6,Flood,1917922325.0360322,1.1743536363636364,1555492.5588288994,11
2040,Eastern Europe,4.5,Flood,2266635475.0425835,2.6279092307692307,1838309.3877068812,13
2040,Eastern Europe,6.0,Flood,2789705200.052411,5.499076250000001,2262534.6310238536,16
2040,Eastern Europe,8.5,Flood,2615348625.049135,3.2858373333333333,2121126.2165848627,15
2040,Melanesia,2.6,Flood,871782875.0163784,34.997159999999994,707042.0721949541,5
2040,Melanesia,4.5,Flood,1046139450.019654,46.755083333333324,848450.486633945,6
2040,Melanesia,6.0,Flood,871782875.0163784,60.886692,707042.0721949541,5
2040,Melanesia,8.5,Flood,1220496025.0229297,84.49231428571429,989858.9010729359,7
2040,Micronesia,2.6,Flood,645071363.7132202,0.1436200000000003,523172.23334405536,4
2040,Micronesia,4.5,Flood,645071363.7132202,10.8989975,523172.23334405536,4
2040,Micronesia,6.0,Flood,496892256.8598858,6.005240000000001,402994.5311110185,3
2040,Micronesia,8.5,Flood,671248831.8631616,6.3174625,544402.9455500094,4
2040,Middle Africa,2.6,Flood,1569209175.029481,10.905543333333334,1272675.7299509177,9
2040,Middle Africa,4.5,Flood,1394852600.0262053,17.806396250000002,1131267.3155119268,8
2040,Middle Africa,6.0,Flood,1917922325.0360322,-4.287464545454546,1555492.5588288994,11
2040,Middle Africa,8.5,Flood,1569209175.029481,18.97554888888889,1272675.7299509177,9
2040,Northern Africa,2.6,Flood,1917922325.0360322,-1.7147563636363636,1555492.5588288994,11
2040,Northern Africa,4.5,Flood,1046139450.019654,-0.5575533333333335,848450.486633945,6
2040,Northern Africa,6.0,Flood,1569209175.029481,0.24880888888888897,1272675.7299509177,9
2040,Northern Africa,8.5,Flood,1394852600.0262053,-1.493995,1131267.3155119268,8
2040,Northern America,2.6,Flood,697426300.0131028,6.378869999999999,565633.6577559633,4
2040,Northern America,4.5,Flood,523069725.0098271,6.30517,424225.24331697245,3
2040,Northern America,6.0,Flood,697426300.0131028,3.3577975,565633.6577559633,4
2040,Northern America,8.5,Flood,523069725.0098271,8.839803333333334,424225.24331697245,3
2040,Northern Europe,2.6,Flood,1569209175.029481,4.140627777777777,1272675.7299509177,9
2040,Northern Europe,4.5,Flood,1917922325.0360322,5.4991281818181825,1555492.5588288994,11
2040,Northern Europe,6.0,Flood,2266635475.0425835,4.1943392307692315,1838309.3877068812,13
2040,Northern Europe,8.5,Flood,2092278900.0393078,6.220460833333334,1696900.9732678903,12
2040,South America,2.6,Flood,3138418350.058963,20.092135,2545351.4599018353,18
2040,South America,4.5,Flood,3312774925.0622387,16.475517894736843,2686759.874340826,19
2040,South America,6.0,Flood,2964061775.055687,10.935239411764709,2403943.0454628444,17
2040,South America,8.5,Flood,3138418350.058963,25.66787444444445,2545351.4599018353,18
2040,South-Eastern Asia,2.6,Flood,2257065368.6417656,25.915697,1830547.7442350087,10
2040,South-Eastern Asia,4.5,Flood,2431421943.645041,36.802023636363636,1971956.1586739996,11
2040,South-Eastern Asia,6.0,Flood,2349028709.3438125,38.86765083333333,1905132.7731904404,12
2040,South-Eastern Asia,8.5,Flood,2000315559.337261,56.83392999999999,1622315.9443124586,10
2040,Southern Africa,2.6,Flood,1220496025.0229297,7.410967142857143,989858.9010729359,7
2040,Southern Africa,4.5,Flood,1394852600.0262053,8.394362500000002,1131267.3155119268,8
2040,Southern Africa,6.0,Flood,1394852600.0262053,-7.874592499999999,1131267.3155119268,8
2040,Southern Africa,8.5,Flood,1394852600.0262053,1.54006875,1131267.3155119268,8
2040,Southern Asia,2.6,Flood,17692039736.93422,33.00166615384615,14348775.131333511,13
2040,Southern Asia,4.5,Flood,48191290918.6599,19.535564000000004,39084583.06460656,10
2040,Southern Asia,6.0,Flood,51051294868.64491,36.9436,41404132.0913584,14
2040,Southern Asia,8.5,Flood,29332589408.56234,75.73712416666667,23789610.225922413,12
2040,Southern Europe,2.6,Flood,3138418350.058963,7.347363333333336,2545351.4599018353,18
2040,Southern Europe,4.5,Flood,2789705200.052411,2.7789025,2262534.6310238536,16
2040,Southern Europe,6.0,Flood,3312774925.0622387,9.397103157894737,2686759.874340826,19
2040,Southern Europe,8.5,Flood,2440992050.0458593,9.368238571428574,1979717.802145872,14
2040,Western Africa,2.6,Flood,3661488075.0687904,-1.3943347619047621,2969576.703218808,21
2040,Western Africa,4.5,Flood,3835844650.0720663,4.539676363636364,3110985.117657799,22
2040,Western Africa,6.0,Flood,3312774925.0622387,-6.897210526315788,2686759.874340826,19
2040,Western Africa,8.5,Flood,3312774925.0622387,2.605462105263159,2686759.874340826,19
2040,Western Asia,2.6,Flood,3661488075.0687904,3.1768633333333325,2969576.703218808,21
2040,Western Asia,4.5,Flood,2964061775.055687,0.4464241176470589,2403943.0454628444,17
2040,Western Asia,6.0,Flood,3487131500.0655146,1.8392124999999997,2828168.288779817,20
2040,Western Asia,8.5,Flood,3138418350.058963,2.3282905555555558,2545351.4599018353,18
2040,Western Europe,2.6,Flood,2092278900.0393078,6.850234166666667,1696900.9732678903,12
2040,Western Europe,4.5,Flood,1917922325.0360322,3.8254745454545453,1555492.5588288994,11
2040,Western Europe,6.0,Flood,2092278900.0393078,2.6378908333333335,1696900.9732678903,12
2040,Western Europe,8.5,Flood,1743565750.0327566,5.0773600000000005,1414084.1443899085,10
2050,Australia and New Zealand,2.6,Flood,697426300.0131028,2.31846,565633.6577559633,4
2050,Australia and New Zealand,4.5,Flood,348713150.0065514,7.05552,282816.82887798164,2
2050,Australia and New Zealand,6.0,Flood,523069725.0098271,6.85089,424225.24331697245,3
2050,Australia and New Zealand,8.5,Flood,523069725.0098271,1.942116666666667,424225.24331697245,3
2050,Caribbean,2.6,Flood,2092278900.0393078,-6.413866666666666,1696900.9732678903,12
2050,Caribbean,4.5,Flood,1743565750.0327566,-5.589676000000001,1414084.1443899085,10
2050,Caribbean,6.0,Flood,1394852600.0262053,-7.201007499999999,1131267.3155119268,8
2050,Caribbean,8.5,Flood,1743565750.0327566,-7.307467,1414084.1443899085,10
2050,Central America,2.6,Flood,2092278900.0393078,-4.339418333333334,1696900.9732678903,12
2050,Central America,4.5,Flood,1917922325.0360322,-4.397661818181819,1555492.5588288994,11
2050,Central America,6.0,Flood,1917922325.0360322,-9.856444545454545,1555492.5588288994,11
2050,Central America,8.5,Flood,1917922325.0360322,-6.234509999999999,1555492.5588288994,11
2050,Central Asia,2.6,Flood,1046139450.019654,4.758781666666667,848450.486633945,6
2050,Central Asia,4.5,Flood,1394852600.0262053,2.9530650000000005,1131267.3155119268,8
2050,Central Asia,6.0,Flood,1569209175.029481,2.2422899999999997,1272675.7299509177,9
2050,Central Asia,8.5,Flood,1394852600.0262053,3.00980375,1131267.3155119268,8
2050,Eastern Africa,2.6,Flood,3312774925.0622387,25.68794736842105,2686759.874340826,19
2050,Eastern Africa,4.5,Flood,3487131500.0655146,37.72898999999999,2828168.288779817,20
2050,Eastern Africa,6.0,Flood,3661488075.0687904,24.692624285714288,2969576.703218808,21
2050,Eastern Africa,8.5,Flood,2615348625.049135,42.25742666666667,2121126.2165848627,15
2050,Eastern Asia,2.6,Flood,37258300462.95544,1.63072625,30217599.726646744,8
2050,Eastern Asia,4.5,Flood,21759293281.999664,0.9459571428571429,17647439.80697458,7
2050,Eastern Asia,6.0,Flood,34130330761.927364,1.4628314285714286,27680722.43465317,7
2050,Eastern Asia,8.5,Flood,24712906408.024464,5.508785714285715,20042908.684529163,7
2050,Eastern Europe,2.6,Flood,2964061775.055687,1.839021176470588,2403943.0454628444,17
2050,Eastern Europe,4.5,Flood,2615348625.049135,0.5768613333333334,2121126.2165848627,15
2050,Eastern Europe,6.0,Flood,2092278900.0393078,5.559270000000001,1696900.9732678903,12
2050,Eastern Europe,8.5,Flood,2266635475.0425835,4.783836923076923,1838309.3877068812,13
2050,Melanesia,2.6,Flood,1220496025.0229297,29.856885714285713,989858.9010729359,7
2050,Melanesia,4.5,Flood,1046139450.019654,68.832,848450.486633945,6
2050,Melanesia,6.0,Flood,1220496025.0229297,50.62718,989858.9010729359,7
2050,Melanesia,8.5,Flood,871782875.0163784,73.16744,707042.0721949541,5
2050,Micronesia,2.6,Flood,845605406.8664372,8.601182,685811.3599890001,5
2050,Micronesia,4.5,Flood,845605406.8664372,11.007866,685811.3599890001,5
2050,Micronesia,6.0,Flood,993784513.7197716,9.222136666666666,805989.062222037,6
2050,Micronesia,8.5,Flood,819427938.716496,5.960384,664580.6477830462,5
2050,Middle Africa,2.6,Flood,1743565750.0327566,9.917238,1414084.1443899085,10
2050,Middle Africa,4.5,Flood,1917922325.0360322,22.810280909090913,1555492.5588288994,11
2050,Middle Africa,6.0,Flood,1394852600.0262053,-0.1223499999999999,1131267.3155119268,8
2050,Middle Africa,8.5,Flood,1743565750.0327566,23.300656,1414084.1443899085,10
2050,Northern Africa,2.6,Flood,1220496025.0229297,-1.087667142857143,989858.9010729359,7
2050,Northern Africa,4.5,Flood,2092278900.0393078,-0.3698658333333334,1696900.9732678903,12
2050,Northern Africa,6.0,Flood,1569209175.029481,-0.4659255555555556,1272675.7299509177,9
2050,Northern Africa,8.5,Flood,1743565750.0327566,-2.213956,1414084.1443899085,10
2050,Northern America,2.6,Flood,348713150.0065514,5.74886,282816.82887798164,2
2050,Northern America,4.5,Flood,523069725.0098271,5.701553333333333,424225.24331697245,3
2050,Northern America,6.0,Flood,348713150.0065514,2.976285,282816.82887798164,2
2050,Northern America,8.5,Flood,523069725.0098271,8.587629999999999,424225.24331697245,3
2050,Northern Europe,2.6,Flood,2092278900.0393078,5.164369166666666,1696900.9732678903,12
2050,Northern Europe,4.5,Flood,1743565750.0327566,5.667296,1414084.1443899085,10
2050,Northern Europe,6.0,Flood,1394852600.0262053,4.8013575,1131267.3155119268,8
2050,Northern Europe,8.5,Flood,1569209175.029481,6.603274444444444,1272675.7299509177,9
2050,South America,2.6,Flood,3138418350.058963,11.970295,2545351.4599018353,18
2050,South America,4.5,Flood,2964061775.055687,18.385255294117645,2403943.0454628444,17
2050,South America,6.0,Flood,3312774925.0622387,16.654215789473685,2686759.874340826,19
2050,South America,8.5,Flood,3138418350.058963,33.149579444444456,2545351.4599018353,18
2050,South-Eastern Asia,2.6,Flood,2174672134.3405366,19.46927363636364,1763724.3587514495,11
2050,South-Eastern Asia,4.5,Flood,2000315559.337261,27.893147999999997,1622315.9443124586,10
2050,South-Eastern Asia,6.0,Flood,2082708793.6384897,37.160542222222226,1689139.3297960178,9
2050,South-Eastern Asia,8.5,Flood,2431421943.645041,60.96581818181817,1971956.1586739996,11
2050,Southern Africa,2.6,Flood,1394852600.0262053,7.649884999999999,1131267.3155119268,8
2050,Southern Africa,4.5,Flood,1220496025.0229297,18.42098428571429,989858.9010729359,7
2050,Southern Africa,6.0,Flood,1220496025.0229297,-6.615415714285715,989858.9010729359,7
2050,Southern Africa,8.5,Flood,1220496025.0229297,5.086648571428571,989858.9010729359,7
2050,Southern Asia,2.6,Flood,10795111497.133518,45.00389181818181,8755159.36507179,11
2050,Southern Asia,4.5,Flood,28897491374.768745,29.750605000000004,23436732.66404602,14
2050,Southern Asia,6.0,Flood,26037487424.783737,27.149540000000002,21117183.63729419,10
2050,Southern Asia,8.5,Flood,32988820151.757843,44.795155,26754923.07522939,12
2050,Southern Europe,2.6,Flood,2615348625.049135,7.0901786666666675,2121126.2165848627,15
2050,Southern Europe,4.5,Flood,2964061775.055687,3.689361764705882,2403943.0454628444,17
2050,Southern Europe,6.0,Flood,2440992050.0458593,8.461094285714285,1979717.802145872,14
2050,Southern Europe,8.5,Flood,3312774925.0622387,7.853082631578948,2686759.874340826,19
2050,Western Africa,2.6,Flood,3138418350.058963,-0.17120999999999986,2545351.4599018353,18
2050,Western Africa,4.5,Flood,2964061775.055687,4.128272352941177,2403943.0454628444,17
2050,Western Africa,6.0,Flood,3487131500.0655146,-6.1130615,2828168.288779817,20
2050,Western Africa,8.5,Flood,3487131500.0655146,-2.5953365000000006,2828168.288779817,20
2050,Western Asia,2.6,Flood,3138418350.058963,0.7017016666666666,2545351.4599018353,18
2050,Western Asia,4.5,Flood,3835844650.0720663,0.7398181818181816,3110985.117657799,22
2050,Western Asia,6.0,Flood,3312774925.0622387,0.4536336842105263,2686759.874340826,19
2050,Western Asia,8.5,Flood,3661488075.0687904,3.0971209523809526,2969576.703218808,21
2050,Western Europe,2.6,Flood,1569209175.029481,5.43557,1272675.7299509177,9
2050,Western Europe,4.5,Flood,1743565750.0327566,3.8087309999999994,1414084.1443899085,10
2050,Western Europe,6.0,Flood,1569209175.029481,2.103867777777778,1272675.7299509177,9
2050,Western Europe,8.5,Flood,1917922325.0360322,4.607225454545455,1555492.5588288994,11
2060,Australia and New Zealand,2.6,Flood,523069725.0098271,0.230886666666667,424225.24331697245,3
2060,Australia and New Zealand,4.5,Flood,523069725.0098271,4.070049999999999,424225.24331697245,3
2060,Australia and New Zealand,6.0,Flood,523069725.0098271,4.78179,424225.24331697245,3
2060,Australia and New Zealand,8.5,Flood,697426300.0131028,5.00578,565633.6577559633,4
2060,Caribbean,2.6,Flood,2092278900.0393078,-4.9840325000000005,1696900.9732678903,12
2060,Caribbean,4.5,Flood,1569209175.029481,-4.434551111111111,1272675.7299509177,9
2060,Caribbean,6.0,Flood,1743565750.0327566,-4.794225,1414084.1443899085,10
2060,Caribbean,8.5,Flood,2092278900.0393078,-4.5315075,1696900.9732678903,12
2060,Central America,2.6,Flood,2266635475.0425835,-1.3207099999999998,1838309.3877068812,13
2060,Central America,4.5,Flood,1569209175.029481,-8.116573333333333,1272675.7299509177,9
2060,Central America,6.0,Flood,2092278900.0393078,-0.8212725,1696900.9732678903,12
2060,Central America,8.5,Flood,1743565750.0327566,2.4360350000000004,1414084.1443899085,10
2060,Central Asia,2.6,Flood,1220496025.0229297,4.574089999999999,989858.9010729359,7
2060,Central Asia,4.5,Flood,1394852600.0262053,1.5726124999999997,1131267.3155119268,8
2060,Central Asia,6.0,Flood,1394852600.0262053,3.62621875,1131267.3155119268,8
2060,Central Asia,8.5,Flood,1046139450.019654,6.807101666666667,848450.486633945,6
2060,Eastern Africa,2.6,Flood,2964061775.055687,12.992300588235294,2403943.0454628444,17
2060,Eastern Africa,4.5,Flood,2615348625.049135,47.39556733333333,2121126.2165848627,15
2060,Eastern Africa,6.0,Flood,3138418350.058963,52.843682777777765,2545351.4599018353,18
2060,Eastern Africa,8.5,Flood,3312774925.0622387,124.09776842105262,2686759.874340826,19
2060,Eastern Asia,2.6,Flood,42821160263.98621,6.367765,34729245.9561932,10
2060,Eastern Asia,4.5,Flood,34130330761.927364,14.07702857142857,27680722.43465317,7
2060,Eastern Asia,6.0,Flood,24887262983.02774,12.25981625,20184317.098968152,8
2060,Eastern Asia,8.5,Flood,26973439933.02389,25.951048571428572,21876269.207643054,7
2060,Eastern Europe,2.6,Flood,2615348625.049135,4.989447333333333,2121126.2165848627,15
2060,Eastern Europe,4.5,Flood,2964061775.055687,7.757530000000001,2403943.0454628444,17
2060,Eastern Europe,6.0,Flood,2615348625.049135,4.049912,2121126.2165848627,15
2060,Eastern Europe,8.5,Flood,2789705200.052411,1.6233556250000003,2262534.6310238536,16
2060,Melanesia,2.6,Flood,1046139450.019654,27.343116666666663,848450.486633945,6
2060,Melanesia,4.5,Flood,871782875.0163784,75.01738,707042.0721949541,5
2060,Melanesia,6.0,Flood,1220496025.0229297,64.75802857142857,989858.9010729359,7
2060,Melanesia,8.5,Flood,1046139450.019654,121.31598333333334,848450.486633945,6
2060,Micronesia,2.6,Flood,671248831.8631616,20.464850000000002,544402.9455500094,4
2060,Micronesia,4.5,Flood,819427938.716496,18.289920000000002,664580.6477830462,5
2060,Micronesia,6.0,Flood,645071363.7132202,1.2082475000000001,523172.23334405536,4
2060,Micronesia,8.5,Flood,496892256.8598858,38.2489,402994.5311110185,3
2060,Middle Africa,2.6,Flood,1569209175.029481,-2.728813333333333,1272675.7299509177,9
2060,Middle Africa,4.5,Flood,1743565750.0327566,12.033494999999998,1414084.1443899085,10
2060,Middle Africa,6.0,Flood,1569209175.029481,10.245877777777777,1272675.7299509177,9
2060,Middle Africa,8.5,Flood,2092278900.0393078,30.33058916666667,1696900.9732678903,12
2060,Northern Africa,2.6,Flood,1743565750.0327566,-0.24601400000000004,1414084.1443899085,10
2060,Northern Africa,4.5,Flood,1220496025.0229297,-0.37125428571428604,989858.9010729359,7
2060,Northern Africa,6.0,Flood,1394852600.0262053,-2.79792375,1131267.3155119268,8
2060,Northern Africa,8.5,Flood,1394852600.0262053,-2.15406375,1131267.3155119268,8
2060,Northern America,2.6,Flood,523069725.0098271,6.066269999999999,424225.24331697245,3
2060,Northern America,4.5,Flood,523069725.0098271,8.816540000000002,424225.24331697245,3
2060,Northern America,6.0,Flood,523069725.0098271,5.478996666666667,424225.24331697245,3
2060,Northern America,8.5,Flood,697426300.0131028,15.021275,565633.6577559633,4
2060,Northern Europe,2.6,Flood,1917922325.0360322,4.771475454545455,1555492.5588288994,11
2060,Northern Europe,4.5,Flood,1569209175.029481,5.6445477777777775,1272675.7299509177,9
2060,Northern Europe,6.0,Flood,1743565750.0327566,6.568074,1414084.1443899085,10
2060,Northern Europe,8.5,Flood,1394852600.0262053,12.764805,1131267.3155119268,8
2060,South America,2.6,Flood,2964061775.055687,14.637676470588232,2403943.0454628444,17
2060,South America,4.5,Flood,3138418350.058963,17.42723,2545351.4599018353,18
2060,South America,6.0,Flood,2440992050.0458593,25.217183571428567,1979717.802145872,14
2060,South America,8.5,Flood,2789705200.052411,34.291408749999995,2262534.6310238536,16
2060,South-Eastern Asia,2.6,Flood,2780135093.6515927,30.945677692307694,2254772.987551981,13
2060,South-Eastern Asia,4.5,Flood,2257065368.6417656,39.65499,1830547.7442350087,10
2060,South-Eastern Asia,6.0,Flood,1651602409.3307097,35.908300000000004,1339499.1154344769,8
2060,South-Eastern Asia,8.5,Flood,2605778518.648317,98.66875833333336,2113364.5731129902,12
2060,Southern Africa,2.6,Flood,1394852600.0262053,-4.2256124999999995,1131267.3155119268,8
2060,Southern Africa,4.5,Flood,1394852600.0262053,23.6340475,1131267.3155119268,8
2060,Southern Africa,6.0,Flood,1569209175.029481,-0.1712922222222223,1272675.7299509177,9
2060,Southern Africa,8.5,Flood,1569209175.029481,15.736477777777777,1272675.7299509177,9
2060,Southern Asia,2.6,Flood,26044973914.482765,19.80937,21123255.40509551,10
2060,Southern Asia,4.5,Flood,25870617339.479492,56.357477777777774,20981846.99065652,9
2060,Southern Asia,6.0,Flood,31388779113.108425,52.440013636363645,25457241.778676745,11
2060,Southern Asia,8.5,Flood,19582275942.10503,123.89185833333335,15881813.416143578,12
2060,Southern Europe,2.6,Flood,2615348625.049135,9.990876666666667,2121126.2165848627,15
2060,Southern Europe,4.5,Flood,2789705200.052411,10.473205000000004,2262534.6310238536,16
2060,Southern Europe,6.0,Flood,2964061775.055687,7.449238235294118,2403943.0454628444,17
2060,Southern Europe,8.5,Flood,3138418350.058963,7.823199444444445,2545351.4599018353,18
2060,Western Africa,2.6,Flood,3312774925.0622387,-3.208427894736842,2686759.874340826,19
2060,Western Africa,4.5,Flood,3312774925.0622387,1.8841905263157896,2686759.874340826,19
2060,Western Africa,6.0,Flood,3312774925.0622387,-4.087001052631579,2686759.874340826,19
2060,Western Africa,8.5,Flood,3661488075.0687904,2.129201428571429,2969576.703218808,21
2060,Western Asia,2.6,Flood,2964061775.055687,3.4813711764705886,2403943.0454628444,17
2060,Western Asia,4.5,Flood,3661488075.0687904,1.637746190476191,2969576.703218808,21
2060,Western Asia,6.0,Flood,2964061775.055687,-0.6999835294117647,2403943.0454628444,17
2060,Western Asia,8.5,Flood,3487131500.0655146,11.86064,2828168.288779817,20
2060,Western Europe,2.6,Flood,2092278900.0393078,4.634604166666667,1696900.9732678903,12
2060,Western Europe,4.5,Flood,1743565750.0327566,7.592665000000001,1414084.1443899085,10
2060,Western Europe,6.0,Flood,2266635475.0425835,9.057601538461538,1838309.3877068812,13
2060,Western Europe,8.5,Flood,1743565750.0327566,9.341376999999998,1414084.1443899085,10
2070,Australia and New Zealand,2.6,Flood,523069725.0098271,-4.082826666666667,424225.24331697245,3
2070,Australia and New Zealand,4.5,Flood,523069725.0098271,7.6934,424225.24331697245,3
2070,Australia and New Zealand,6.0,Flood,523069725.0098271,3.774516666666667,424225.24331697245,3
2070,Australia and New Zealand,8.5,Flood,348713150.0065514,4.153309999999999,282816.82887798164,2
2070,Caribbean,2.6,Flood,1569209175.029481,-2.968053333333333,1272675.7299509177,9
2070,Caribbean,4.5,Flood,2092278900.0393078,-7.2758575,1696900.9732678903,12
2070,Caribbean,6.0,Flood,1917922325.0360322,-4.277856363636364,1555492.5588288994,11
2070,Caribbean,8.5,Flood,1569209175.029481,-1.8635155555555558,1272675.7299509177,9
2070,Central America,2.6,Flood,1917922325.0360322,0.2018581818181819,1555492.5588288994,11
2070,Central America,4.5,Flood,2615348625.049135,-5.287110666666666,2121126.2165848627,15
2070,Central America,6.0,Flood,2092278900.0393078,-0.9153658333333334,1696900.9732678903,12
2070,Central America,8.5,Flood,2440992050.0458593,-0.2703657142857147,1979717.802145872,14
2070,Central Asia,2.6,Flood,1394852600.0262053,2.8348762499999998,1131267.3155119268,8
2070,Central Asia,4.5,Flood,1220496025.0229297,0.39261857142857143,989858.9010729359,7
2070,Central Asia,6.0,Flood,1220496025.0229297,2.2247628571428573,989858.9010729359,7
2070,Central Asia,8.5,Flood,1569209175.029481,7.595263333333332,1272675.7299509177,9
2070,Eastern Africa,2.6,Flood,3312774925.0622387,21.185811052631582,2686759.874340826,19
2070,Eastern Africa,4.5,Flood,3661488075.0687904,56.05519047619048,2969576.703218808,21
2070,Eastern Africa,6.0,Flood,3138418350.058963,51.196152777777776,2545351.4599018353,18
2070,Eastern Africa,8.5,Flood,2964061775.055687,81.00181176470586,2403943.0454628444,17
2070,Eastern Asia,2.6,Flood,21410580131.99311,5.641638,17364622.9780966,5
2070,Eastern Asia,4.5,Flood,30101409634.051968,14.011612500000002,24413146.499636628,8
2070,Eastern Asia,6.0,Flood,39344477412.951584,11.209652857142858,31909551.835321646,7
2070,Eastern Asia,8.5,Flood,37258300462.95544,19.6282325,30217599.726646744,8
2070,Eastern Europe,2.6,Flood,2266635475.0425835,5.380616923076923,1838309.3877068812,13
2070,Eastern Europe,4.5,Flood,1917922325.0360322,8.787313636363637,1555492.5588288994,11
2070,Eastern Europe,6.0,Flood,2266635475.0425835,3.59007,1838309.3877068812,13
2070,Eastern Europe,8.5,Flood,2092278900.0393078,2.8233175,1696900.9732678903,12
2070,Melanesia,2.6,Flood,1046139450.019654,29.941433333333332,848450.486633945,6
2070,Melanesia,4.5,Flood,1220496025.0229297,82.0843142857143,989858.9010729359,7
2070,Melanesia,6.0,Flood,871782875.0163784,62.24086,707042.0721949541,5
2070,Melanesia,8.5,Flood,1046139450.019654,117.06265,848450.486633945,6
2070,Micronesia,2.6,Flood,819427938.716496,20.00236,664580.6477830462,5
2070,Micronesia,4.5,Flood,671248831.8631616,10.8087,544402.9455500094,4
2070,Micronesia,6.0,Flood,845605406.8664372,4.687074,685811.3599890001,5
2070,Micronesia,8.5,Flood,993784513.7197716,46.89626666666666,805989.062222037,6
2070,Middle Africa,2.6,Flood,1743565750.0327566,3.1407999999999996,1414084.1443899085,10
2070,Middle Africa,4.5,Flood,1569209175.029481,14.37490777777778,1272675.7299509177,9
2070,Middle Africa,6.0,Flood,1743565750.0327566,11.638258999999998,1414084.1443899085,10
2070,Middle Africa,8.5,Flood,1220496025.0229297,32.30773714285714,989858.9010729359,7
2070,Northern Africa,2.6,Flood,1394852600.0262053,0.19010375000000002,1131267.3155119268,8
2070,Northern Africa,4.5,Flood,1917922325.0360322,-0.35532181818181846,1555492.5588288994,11
2070,Northern Africa,6.0,Flood,1743565750.0327566,-1.751198,1414084.1443899085,10
2070,Northern Africa,8.5,Flood,1743565750.0327566,-2.90545,1414084.1443899085,10
2070,Northern America,2.6,Flood,523069725.0098271,6.558003333333333,424225.24331697245,3
2070,Northern America,4.5,Flood,523069725.0098271,8.731473333333334,424225.24331697245,3
2070,Northern America,6.0,Flood,523069725.0098271,5.819526666666667,424225.24331697245,3
2070,Northern America,8.5,Flood,348713150.0065514,12.9374,282816.82887798164,2
2070,Northern Europe,2.6,Flood,1743565750.0327566,3.4767490000000003,1414084.1443899085,10
2070,Northern Europe,4.5,Flood,2092278900.0393078,7.013160833333335,1696900.9732678903,12
2070,Northern Europe,6.0,Flood,1917922325.0360322,6.563982727272728,1555492.5588288994,11
2070,Northern Europe,8.5,Flood,2266635475.0425835,12.56269153846154,1838309.3877068812,13
2070,South America,2.6,Flood,3312774925.0622387,17.715586315789473,2686759.874340826,19
2070,South America,4.5,Flood,3138418350.058963,28.668197777777777,2545351.4599018353,18
2070,South America,6.0,Flood,3835844650.0720663,24.62750136363637,3110985.117657799,22
2070,South America,8.5,Flood,3487131500.0655146,46.62252049999999,2828168.288779817,20
2070,South-Eastern Asia,2.6,Flood,1651602409.3307097,27.6868875,1339499.1154344769,8
2070,South-Eastern Asia,4.5,Flood,2174672134.3405366,53.16301818181818,1763724.3587514495,11
2070,South-Eastern Asia,6.0,Flood,2780135093.6515923,39.24759230769231,2254772.987551981,13
2070,South-Eastern Asia,8.5,Flood,1825958984.3339853,103.08876666666667,1480907.5298734677,9
2070,Southern Africa,2.6,Flood,1220496025.0229297,-4.892884285714286,989858.9010729359,7
2070,Southern Africa,4.5,Flood,1220496025.0229297,17.09936857142857,989858.9010729359,7
2070,Southern Africa,6.0,Flood,1046139450.019654,-2.366755,848450.486633945,6
2070,Southern Africa,8.5,Flood,1046139450.019654,13.359050000000002,848450.486633945,6
2070,Southern Asia,2.6,Flood,51043808378.94588,21.34172142857143,41398060.32355708,14
2070,Southern Asia,4.5,Flood,36398710588.54069,39.84671333333334,29520446.543828618,15
2070,Southern Asia,6.0,Flood,13298915807.412949,73.16340461538462,10785819.79514432,13
2070,Southern Asia,8.5,Flood,14557730185.75484,73.28083333333332,11806756.030620307,12
2070,Southern Europe,2.6,Flood,3138418350.058963,10.000802777777778,2545351.4599018353,18
2070,Southern Europe,4.5,Flood,2964061775.055687,10.508660588235294,2403943.0454628444,17
2070,Southern Europe,6.0,Flood,2789705200.052411,6.075969375000001,2262534.6310238536,16
2070,Southern Europe,8.5,Flood,2615348625.049135,5.933657333333333,2121126.2165848627,15
2070,Western Africa,2.6,Flood,3487131500.0655146,-3.452040999999999,2828168.288779817,20
2070,Western Africa,4.5,Flood,3487131500.0655146,5.0040205,2828168.288779817,20
2070,Western Africa,6.0,Flood,3487131500.0655146,-1.9194074999999995,2828168.288779817,20
2070,Western Africa,8.5,Flood,3138418350.058963,-1.0816677777777777,2545351.4599018353,18
2070,Western Asia,2.6,Flood,3835844650.0720663,0.661765,3110985.117657799,22
2070,Western Asia,4.5,Flood,3138418350.058963,-1.153238888888889,2545351.4599018353,18
2070,Western Asia,6.0,Flood,3835844650.0720663,0.07323909090909095,3110985.117657799,22
2070,Western Asia,8.5,Flood,3312774925.0622387,2.0156942105263163,2686759.874340826,19
2070,Western Europe,2.6,Flood,1569209175.029481,2.8756644444444444,1272675.7299509177,9
2070,Western Europe,4.5,Flood,1917922325.0360322,6.335785454545455,1555492.5588288994,11
2070,Western Europe,6.0,Flood,1394852600.0262053,9.507010000000001,1131267.3155119268,8
2070,Western Europe,8.5,Flood,1917922325.0360322,9.800281818181817,1555492.5588288994,11
2080,Australia and New Zealand,2.6,Flood,523069725.0098271,1.0961533333333335,424225.24331697245,3
2080,Australia and New Zealand,4.5,Flood,523069725.0098271,6.079809999999999,424225.24331697245,3
2080,Australia and New Zealand,6.0,Flood,523069725.0098271,9.972943333333333,424225.24331697245,3
2080,Australia and New Zealand,8.5,Flood,697426300.0131028,0.49324999999999974,565633.6577559633,4
2080,Caribbean,2.6,Flood,1917922325.0360322,-5.7804590909090905,1555492.5588288994,11
2080,Caribbean,4.5,Flood,1743565750.0327566,-1.9844000000000002,1414084.1443899085,10
2080,Caribbean,6.0,Flood,1394852600.0262053,-5.59445,1131267.3155119268,8
2080,Caribbean,8.5,Flood,2266635475.0425835,-7.473835384615385,1838309.3877068812,13
2080,Central America,2.6,Flood,2615348625.049135,4.089293333333334,2121126.2165848627,15
2080,Central America,4.5,Flood,2266635475.0425835,-6.668168461538462,1838309.3877068812,13
2080,Central America,6.0,Flood,1917922325.0360322,-2.9521663636363638,1555492.5588288994,11
2080,Central America,8.5,Flood,1917922325.0360322,1.7019300000000002,1555492.5588288994,11
2080,Central Asia,2.6,Flood,1569209175.029481,3.8635566666666668,1272675.7299509177,9
2080,Central Asia,4.5,Flood,1569209175.029481,4.766207777777778,1272675.7299509177,9
2080,Central Asia,6.0,Flood,1569209175.029481,3.5664277777777778,1272675.7299509177,9
2080,Central Asia,8.5,Flood,1046139450.019654,7.79461,848450.486633945,6
2080,Eastern Africa,2.6,Flood,3312774925.0622387,15.084471578947372,2686759.874340826,19
2080,Eastern Africa,4.5,Flood,2964061775.055687,56.965328235294116,2403943.0454628444,17
2080,Eastern Africa,6.0,Flood,3312774925.0622387,75.01231368421053,2686759.874340826,19
2080,Eastern Africa,8.5,Flood,2440992050.0458593,106.22850714285714,1979717.802145872,14
2080,Eastern Asia,2.6,Flood,42472447113.97966,0.12115249999999994,34446429.12731522,8
2080,Eastern Asia,4.5,Flood,34130330761.927364,10.978262857142855,27680722.43465317,7
2080,Eastern Asia,6.0,Flood,37258300462.95544,14.28735,30217599.726646744,8
2080,Eastern Asia,8.5,Flood,24887262983.02774,29.522943749999996,20184317.098968152,8
2080,Eastern Europe,2.6,Flood,2440992050.0458593,4.339889285714286,1979717.802145872,14
2080,Eastern Europe,4.5,Flood,2092278900.0393078,7.1859408333333326,1696900.9732678903,12
2080,Eastern Europe,6.0,Flood,2266635475.0425835,4.338811538461538,1838309.3877068812,13
2080,Eastern Europe,8.5,Flood,2615348625.049135,7.311273333333332,2121126.2165848627,15
2080,Melanesia,2.6,Flood,1220496025.0229297,27.972628571428572,989858.9010729359,7
2080,Melanesia,4.5,Flood,1046139450.019654,73.46128333333333,848450.486633945,6
2080,Melanesia,6.0,Flood,1220496025.0229297,120.63780000000001,989858.9010729359,7
2080,Melanesia,8.5,Flood,1046139450.019654,186.04533333333333,848450.486633945,6
2080,Micronesia,2.6,Flood,645071363.7132202,11.131075000000001,523172.23334405536,4
2080,Micronesia,4.5,Flood,819427938.716496,20.00892,664580.6477830462,5
2080,Micronesia,6.0,Flood,671248831.8631616,14.8311,544402.9455500094,4
2080,Micronesia,8.5,Flood,671248831.8631616,52.192724999999996,544402.9455500094,4
2080,Middle Africa,2.6,Flood,1569209175.029481,0.19787111111111097,1272675.7299509177,9
2080,Middle Africa,4.5,Flood,1743565750.0327566,8.015991000000001,1414084.1443899085,10
2080,Middle Africa,6.0,Flood,1394852600.0262053,26.440724999999997,1131267.3155119268,8
2080,Middle Africa,8.5,Flood,1394852600.0262053,42.824563749999996,1131267.3155119268,8
2080,Northern Africa,2.6,Flood,1917922325.0360322,-0.2070581818181819,1555492.5588288994,11
2080,Northern Africa,4.5,Flood,2092278900.0393078,-2.8908658333333332,1696900.9732678903,12
2080,Northern Africa,6.0,Flood,1917922325.0360322,0.36909727272727283,1555492.5588288994,11
2080,Northern Africa,8.5,Flood,1569209175.029481,-1.3816966666666668,1272675.7299509177,9
2080,Northern America,2.6,Flood,348713150.0065514,4.0676,282816.82887798164,2
2080,Northern America,4.5,Flood,697426300.0131028,11.450045000000001,565633.6577559633,4
2080,Northern America,6.0,Flood,523069725.0098271,11.547803333333333,424225.24331697245,3
2080,Northern America,8.5,Flood,523069725.0098271,17.698533333333334,424225.24331697245,3
2080,Northern Europe,2.6,Flood,1743565750.0327566,3.423856,1414084.1443899085,10
2080,Northern Europe,4.5,Flood,2092278900.0393078,8.069659999999999,1696900.9732678903,12
2080,Northern Europe,6.0,Flood,1917922325.0360322,8.119240000000001,1555492.5588288994,11
2080,Northern Europe,8.5,Flood,1743565750.0327566,14.994606999999998,1414084.1443899085,10
2080,South America,2.6,Flood,2789705200.052411,15.99167625,2262534.6310238536,16
2080,South America,4.5,Flood,3312774925.0622387,31.908741578947378,2686759.874340826,19
2080,South America,6.0,Flood,2964061775.055687,38.35775352941176,2403943.0454628444,17
2080,South America,8.5,Flood,3138418350.058963,50.11270166666667,2545351.4599018353,18
2080,South-Eastern Asia,2.6,Flood,2257065368.6417656,11.641911,1830547.7442350087,10
2080,South-Eastern Asia,4.5,Flood,2000315559.337261,79.81082,1622315.9443124586,10
2080,South-Eastern Asia,6.0,Flood,2431421943.645041,81.19505454545455,1971956.1586739996,11
2080,South-Eastern Asia,8.5,Flood,2257065368.6417656,168.06586,1830547.7442350087,10
2080,Southern Africa,2.6,Flood,1743565750.0327566,5.1472180000000005,1414084.1443899085,10
2080,Southern Africa,4.5,Flood,1220496025.0229297,22.706514285714285,989858.9010729359,7
2080,Southern Africa,6.0,Flood,1220496025.0229297,4.402875714285715,989858.9010729359,7
2080,Southern Africa,8.5,Flood,1569209175.029481,0.24681666666666657,1272675.7299509177,9
2080,Southern Asia,2.6,Flood,26995655183.587154,44.674319999999994,21894286.442487553,11
2080,Southern Asia,4.5,Flood,29848172643.873135,59.80243,24207763.701438062,15
2080,Southern Asia,6.0,Flood,26646942033.580605,45.49925888888888,21611469.61360957,9
2080,Southern Asia,8.5,Flood,12238489249.806877,128.56483636363637,9925782.035528691,11
2080,Southern Europe,2.6,Flood,2440992050.0458593,12.117626428571429,1979717.802145872,14
2080,Southern Europe,4.5,Flood,2964061775.055687,11.815279999999998,2403943.0454628444,17
2080,Southern Europe,6.0,Flood,2615348625.049135,6.722460666666666,2121126.2165848627,15
2080,Southern Europe,8.5,Flood,3138418350.058963,9.257446111111113,2545351.4599018353,18
2080,Western Africa,2.6,Flood,3487131500.0655146,1.5604539999999998,2828168.288779817,20
2080,Western Africa,4.5,Flood,4010201225.075342,-6.768731304347824,3252393.5320967897,23
2080,Western Africa,6.0,Flood,3138418350.058963,0.6981394444444442,2545351.4599018353,18
2080,Western Africa,8.5,Flood,3487131500.0655146,5.6841610000000005,2828168.288779817,20
2080,Western Asia,2.6,Flood,2964061775.055687,2.7131705882352932,2403943.0454628444,17
2080,Western Asia,4.5,Flood,3835844650.0720663,4.3277268181818185,3110985.117657799,22
2080,Western Asia,6.0,Flood,3487131500.0655146,0.30445600000000017,2828168.288779817,20
2080,Western Asia,8.5,Flood,3661488075.0687904,-1.4971885714285715,2969576.703218808,21
2080,Western Europe,2.6,Flood,2092278900.0393078,5.873664166666668,1696900.9732678903,12
2080,Western Europe,4.5,Flood,1917922325.0360322,4.93165,1555492.5588288994,11
2080,Western Europe,6.0,Flood,1743565750.0327566,9.297187,1414084.1443899085,10
2080,Western Europe,8.5,Flood,2092278900.0393078,17.05953583333333,1696900.9732678903,12
2090,Australia and New Zealand,2.6,Flood,523069725.0098271,-1.6958433333333334,424225.24331697245,3
2090,Australia and New Zealand,4.5,Flood,523069725.0098271,7.386739999999999,424225.24331697245,3
2090,Australia and New Zealand,6.0,Flood,523069725.0098271,10.350976666666668,424225.24331697245,3
2090,Australia and New Zealand,8.5,Flood,348713150.0065514,-0.2118000000000002,282816.82887798164,2
2090,Caribbean,2.6,Flood,1743565750.0327566,-5.015942,1414084.1443899085,10
2090,Caribbean,4.5,Flood,1917922325.0360322,-5.202202727272726,1555492.5588288994,11
2090,Caribbean,6.0,Flood,2266635475.0425835,-5.883153846153846,1838309.3877068812,13
2090,Caribbean,8.5,Flood,1394852600.0262053,-6.924725,1131267.3155119268,8
2090,Central America,2.6,Flood,1569209175.029481,1.4381966666666666,1272675.7299509177,9
2090,Central America,4.5,Flood,1917922325.0360322,-7.446136363636362,1555492.5588288994,11
2090,Central America,6.0,Flood,2266635475.0425835,-3.6726238461538454,1838309.3877068812,13
2090,Central America,8.5,Flood,2266635475.0425835,-2.5533453846153855,1838309.3877068812,13
2090,Central Asia,2.6,Flood,1046139450.019654,4.141401666666667,848450.486633945,6
2090,Central Asia,4.5,Flood,1046139450.019654,4.240668333333334,848450.486633945,6
2090,Central Asia,6.0,Flood,1046139450.019654,1.5025916666666668,848450.486633945,6
2090,Central Asia,8.5,Flood,1569209175.029481,7.003664444444444,1272675.7299509177,9
2090,Eastern Africa,2.6,Flood,2964061775.055687,13.690577058823528,2403943.0454628444,17
2090,Eastern Africa,4.5,Flood,3312774925.0622387,60.600189473684225,2686759.874340826,19
2090,Eastern Africa,6.0,Flood,2964061775.055687,75.23909705882355,2403943.0454628444,17
2090,Eastern Africa,8.5,Flood,3835844650.0720663,147.80791818181822,3110985.117657799,22
2090,Eastern Asia,2.6,Flood,21759293281.999664,-3.238148571428572,17647439.80697458,7
2090,Eastern Asia,4.5,Flood,30101409634.051968,8.20058,24413146.499636628,8
2090,Eastern Asia,6.0,Flood,26973439933.02389,20.995585714285713,21876269.207643054,7
2090,Eastern Asia,8.5,Flood,39344477412.951584,29.820322857142855,31909551.835321646,7
2090,Eastern Europe,2.6,Flood,2440992050.0458593,3.904864285714286,1979717.802145872,14
2090,Eastern Europe,4.5,Flood,2789705200.052411,7.487964999999999,2262534.6310238536,16
2090,Eastern Europe,6.0,Flood,2615348625.049135,2.656304,2121126.2165848627,15
2090,Eastern Europe,8.5,Flood,2266635475.0425835,8.67604230769231,1838309.3877068812,13
2090,Melanesia,2.6,Flood,871782875.0163784,23.902539999999995,707042.0721949541,5
2090,Melanesia,4.5,Flood,1046139450.019654,78.45408333333334,848450.486633945,6
2090,Melanesia,6.0,Flood,871782875.0163784,111.32698,707042.0721949541,5
2090,Melanesia,8.5,Flood,1046139450.019654,173.91816666666668,848450.486633945,6
2090,Micronesia,2.6,Flood,845605406.8664372,21.521660000000004,685811.3599890001,5
2090,Micronesia,4.5,Flood,671248831.8631616,21.720724999999998,544402.9455500094,4
2090,Micronesia,6.0,Flood,819427938.716496,12.956980000000001,664580.6477830462,5
2090,Micronesia,8.5,Flood,819427938.716496,41.69893999999999,664580.6477830462,5
2090,Middle Africa,2.6,Flood,1743565750.0327566,3.767609,1414084.1443899085,10
2090,Middle Africa,4.5,Flood,1569209175.029481,12.375767777777778,1272675.7299509177,9
2090,Middle Africa,6.0,Flood,1917922325.0360322,20.478872727272726,1555492.5588288994,11
2090,Middle Africa,8.5,Flood,1917922325.0360322,42.34422909090909,1555492.5588288994,11
2090,Northern Africa,2.6,Flood,1220496025.0229297,-1.068967142857143,989858.9010729359,7
2090,Northern Africa,4.5,Flood,1046139450.019654,-2.297758333333333,848450.486633945,6
2090,Northern Africa,6.0,Flood,1220496025.0229297,-0.12396142857142849,989858.9010729359,7
2090,Northern Africa,8.5,Flood,1569209175.029481,-3.7946833333333334,1272675.7299509177,9
2090,Northern America,2.6,Flood,697426300.0131028,4.750699999999999,565633.6577559633,4
2090,Northern America,4.5,Flood,348713150.0065514,9.86899,282816.82887798164,2
2090,Northern America,6.0,Flood,523069725.0098271,11.026336666666666,424225.24331697245,3
2090,Northern America,8.5,Flood,523069725.0098271,17.179333333333332,424225.24331697245,3
2090,Northern Europe,2.6,Flood,1917922325.0360322,2.865322727272727,1555492.5588288994,11
2090,Northern Europe,4.5,Flood,1569209175.029481,8.83889111111111,1272675.7299509177,9
2090,Northern Europe,6.0,Flood,1743565750.0327566,8.656201,1414084.1443899085,10
2090,Northern Europe,8.5,Flood,1917922325.0360322,17.92558181818182,1555492.5588288994,11
2090,South America,2.6,Flood,3487131500.0655146,19.98109,2828168.288779817,20
2090,South America,4.5,Flood,2964061775.055687,24.216314117647055,2403943.0454628444,17
2090,South America,6.0,Flood,3312774925.0622387,24.437342631578957,2686759.874340826,19
2090,South America,8.5,Flood,3138418350.058963,47.34157777777777,2545351.4599018353,18
2090,South-Eastern Asia,2.6,Flood,2174672134.3405366,15.239177272727272,1763724.3587514495,11
2090,South-Eastern Asia,4.5,Flood,2431421943.6450415,83.6615909090909,1971956.1586739996,11
2090,South-Eastern Asia,6.0,Flood,2000315559.337261,83.10974000000002,1622315.9443124586,10
2090,South-Eastern Asia,8.5,Flood,2174672134.3405366,156.67432727272728,1763724.3587514495,11
2090,Southern Africa,2.6,Flood,871782875.0163784,4.00791,707042.0721949541,5
2090,Southern Africa,4.5,Flood,1394852600.0262053,29.31045,1131267.3155119268,8
2090,Southern Africa,6.0,Flood,1394852600.0262053,7.42038375,1131267.3155119268,8
2090,Southern Africa,8.5,Flood,1046139450.019654,-5.557500000000001,848450.486633945,6
2090,Southern Asia,2.6,Flood,50093127109.84149,22.370699230769233,40627029.286165036,13
2090,Southern Asia,4.5,Flood,47240609649.55551,39.04498111111111,38313552.02721453,9
2090,Southern Asia,6.0,Flood,36319266847.37041,79.28436866666667,29456015.285782974,15
2090,Southern Asia,8.5,Flood,23392415814.11216,108.66246923076922,18971951.187438894,13
2090,Southern Europe,2.6,Flood,3312774925.0622387,11.545696315789478,2686759.874340826,19
2090,Southern Europe,4.5,Flood,2789705200.052411,11.2682575,2262534.6310238536,16
2090,Southern Europe,6.0,Flood,3138418350.058963,8.483432777777777,2545351.4599018353,18
2090,Southern Europe,8.5,Flood,2615348625.049135,11.542297333333332,2121126.2165848627,15
2090,Western Africa,2.6,Flood,3312774925.0622387,0.42362631578947374,2686759.874340826,19
2090,Western Africa,4.5,Flood,2789705200.052411,-6.881046874999999,2262534.6310238536,16
2090,Western Africa,6.0,Flood,3661488075.0687904,-4.106104285714285,2969576.703218808,21
2090,Western Africa,8.5,Flood,3312774925.0622387,-1.6651478947368406,2686759.874340826,19
2090,Western Asia,2.6,Flood,3835844650.0720663,2.201674090909091,3110985.117657799,22
2090,Western Asia,4.5,Flood,2964061775.055687,1.2826141176470587,2403943.0454628444,17
2090,Western Asia,6.0,Flood,3312774925.0622387,-0.5648094736842105,2686759.874340826,19
2090,Western Asia,8.5,Flood,3138418350.058963,2.6915905555555555,2545351.4599018353,18
2090,Western Europe,2.6,Flood,1569209175.029481,8.901367777777779,1272675.7299509177,9
2090,Western Europe,4.5,Flood,1743565750.0327566,3.187818,1414084.1443899085,10
2090,Western Europe,6.0,Flood,1917922325.0360322,9.634297272727274,1555492.5588288994,11
2090,Western Europe,8.5,Flood,1569209175.029481,14.449136666666666,1272675.7299509177,9
